{
  "mAP50": 0.6660714285714285,
  "mAP50_95": 0.5815655029891642,
  "precision": 0.9681671266484044,
  "recall": 0.5
}